type,id,titleZh,titleEn,note
announcement,cmtmoli6f000jk9plo354cqh2,115學年度英資中心專職人力錄取名單：吳O潔 115學年度英資中心專職人力錄取名單：吳O潔,"2026 Academic Year EERC Full-Time Staff Recruitment Result: Wu, O-Jie",ANNOUNCEMENT
announcement,cmtmoli1u000hk9pl7rv1j69x,115年英資中心專職人力甄選簡章0731公告,2026 EERC Full-Time Staff Recruitment Announcement (Notice of July 31),ANNOUNCEMENT
announcement,cmtmolhxa000fk9plj82lxua0,115年英資中心專職人力甄選簡章0715公告,2026 EERC Full-Time Staff Recruitment Announcement (Notice of July 15),ANNOUNCEMENT
announcement,cmtmolhsq000dk9pll5rbhffi,115學年度英資中心專職人力錄取名單：張O勝、張O芳,"2026 Academic Year EERC Full-Time Staff Recruitment Result: Chang, O-Sheng & Chang, O-Fang",ANNOUNCEMENT
announcement,cmtmolho4000bk9plsf0b5v06,115年各校英語夏令營照片,2026 English Summer Camp Photos from Participating Schools,ANNOUNCEMENT
announcement,cmtmolhjj0009k9pl66f6gfu6,基隆市立碇內國民中學(英語教育資源中心) 115學年度專職人力甄選簡章公布,Keelung Municipal Dingnei Junior High School (English Education Resource Center) — 2026 Academic Year Full-Time Staff Recruitment Announcement,ANNOUNCEMENT
announcement,cmtmolhey0007k9plmdfbphqb,「115年英語融入彈性學習課程」優良教案徵選活動,2026 Award for Excellence in English-Integrated Flexible Learning Lesson Plans,ANNOUNCEMENT
announcement,cmtmolhac0005k9pl8j5cbc53,公告「基隆市115學年度自聘外籍英語教師招募」計畫，請查照並鼓勵具有資格外師踴躍報名參加。,Announcement: Keelung City 2026 Academic Year Self-Recruited Foreign English Teacher Program — Eligible Applicants Are Encouraged to Apply,ANNOUNCEMENT
announcement,cmtmolh5r0003k9pl5pnobbpb,114學年度第二學期外師訪視計畫,2025 Academic Year Semester 2 Foreign Teacher Visit Program,ANNOUNCEMENT
announcement,cmtmolgya0001k9pl06qac11f,114學年度第一學期外師訪視及ELTA訪視時程表,2025 Academic Year Semester 1 Foreign Teacher and ELTA Visit Schedule,ANNOUNCEMENT
document,cmtqilx1w009lphij9012goz1,"114學年度下學期外師巡迴五, 六, 七年級課表","2025 Academic Year Semester 2 Foreign Teacher Roaming Schedule — Grades 5, 6, 7",REGULATION/ADMINISTRATIVE
document,cmtqilwwz009jphijphvj663x,"114學年度下學期外師巡迴五, 六, 七年級課表","2025 Academic Year Semester 2 Foreign Teacher Roaming Schedule — Grades 5, 6, 7",REGULATION/ADMINISTRATIVE
document,cmtqilws2009hphijvdn71yfo,"114學年度下學期外師巡迴五, 六, 七年級課表","2025 Academic Year Semester 2 Foreign Teacher Roaming Schedule — Grades 5, 6, 7",REGULATION/ADMINISTRATIVE
document,cmtqilwi6009dphijfborvjr8,2026一獅盃比賽辦法及報名表,2026 Lions Cup Competition Rules and Registration Form,REGULATION/ADMINISTRATIVE
document,cmtqilwn3009fphijk6iw6c67,2026一獅盃比賽辦法及報名表,2026 Lions Cup Competition Rules and Registration Form,REGULATION/ADMINISTRATIVE
document,cmtqilw8a0099phij9f2s1fip,2026一獅盃國小朗讀組比賽題目,2026 Lions Cup Elementary Reading-Aloud Competition Topics,REGULATION/ADMINISTRATIVE
document,cmtqilwdb009bphijmhekg996,2026一獅盃國小朗讀組比賽題目,2026 Lions Cup Elementary Reading-Aloud Competition Topics,REGULATION/ADMINISTRATIVE
document,cmtqilw3g0097phijxn7o6vke,2026一獅盃國小朗讀組比賽題目,2026 Lions Cup Elementary Reading-Aloud Competition Topics,REGULATION/ADMINISTRATIVE
document,cmtqilvte0093phij7maqmzk2,114-1 1140922期初英語成效會議,2025 Semester 1 (2025/09/22) English Program Effectiveness Meeting,REPORT/ADMINISTRATIVE
document,cmtqilvye0095phijdlmiycgd,114-1 1140922期初英語成效會議,2025 Semester 1 (2025/09/22) English Program Effectiveness Meeting,REPORT/ADMINISTRATIVE
document,cmtqilvoe0091phijf9o6ddgg,114-1 1140922期初英語成效會議,2025 Semester 1 (2025/09/22) English Program Effectiveness Meeting,REPORT/ADMINISTRATIVE
document,cmtqilvgy008zphijht5r7k9n,114學年度國小英語村課表,2025 Academic Year Elementary English Village Schedule,REGULATION/ADMINISTRATIVE
document,cmtqiludr008jphij5nfgkxjm,SEM120252026_J.Bernardo1140930,"Semester 1, 2025-2026 Teaching Plan — J. Bernardo (2025/09/30)",REGULATION/ADMINISTRATIVE
document,cmtqiltox0089phij8o7ngyuu,1141DavidCurriculumWeek1-19revised0930,2025 Semester 1 David — Curriculum Weeks 1-19 (Revised 2025/09/30),REGULATION/ADMINISTRATIVE
document,cmtqiltyz008dphijr3vpq6p2,1141NicCurriculumWeek1-18,2025 Semester 1 Nic — Curriculum Weeks 1-18,REGULATION/ADMINISTRATIVE
document,cmtqilu3y008fphijdfk4jycl,DavidBrinkTravelingTeachingLessonPlan5Senses2025-2026,David Brink — Traveling Teaching Lesson Plan: Five Senses (2025-2026),REGULATION/ADMINISTRATIVE
document,cmtqiltu1008bphijyp18gjkq,1141JustinCurriculumWeek1-20,2025 Semester 1 Justin — Curriculum Weeks 1-20,REGULATION/ADMINISTRATIVE
document,cmtqilu8v008hphij433irhc4,NicLessonplan2025_2026,Nic — Lesson Plan 2025-2026,REGULATION/ADMINISTRATIVE
document,cmtqilvc4008xphij1zu2x4gx,113學年度全英授課教案得獎名單及教案,2024 Academic Year All-English Instruction Award-Winning Lesson Plans and Winners List,OTHER/ADMINISTRATIVE
document,cmtqilv76008vphijwohh8did,113學年度全英授課教案得獎名單及教案,2024 Academic Year All-English Instruction Award-Winning Lesson Plans and Winners List,OTHER/ADMINISTRATIVE
document,cmtqilv2b008tphij0r9cewvj,113學年度全英授課教案得獎名單及教案,2024 Academic Year All-English Instruction Award-Winning Lesson Plans and Winners List,OTHER/ADMINISTRATIVE
document,cmtqiluxd008rphijgidnbcch,113學年度全英授課教案得獎名單及教案,2024 Academic Year All-English Instruction Award-Winning Lesson Plans and Winners List,OTHER/ADMINISTRATIVE
document,cmtqilune008nphijx7gtymqs,113學年度全英授課教案得獎名單及教案,2024 Academic Year All-English Instruction Award-Winning Lesson Plans and Winners List,OTHER/ADMINISTRATIVE
document,cmtqilusf008pphijph04ypx3,113學年度全英授課教案得獎名單及教案,2024 Academic Year All-English Instruction Award-Winning Lesson Plans and Winners List,OTHER/ADMINISTRATIVE
document,cmtqiluig008lphijhfxdygsn,114東信英語村課程課前須知,2025 Dongxin English Village Course — Pre-Class Guidelines,REGULATION/ADMINISTRATIVE
document,cmtqilsg7007rphijwbnqrxq2,114學年度外籍教師聘僱契約書範本,2025 Academic Year Foreign Teacher Employment Contract Template,REGULATION/ADMINISTRATIVE
document,cmtqiltjx0087phij3wy16m06,114學年度外籍教師聘僱契約書範本,2025 Academic Year Foreign Teacher Employment Contract Template,REGULATION/ADMINISTRATIVE
document,cmtqiltex0085phijfzka5gt4,114學年度外籍教師聘僱契約書範本,2025 Academic Year Foreign Teacher Employment Contract Template,REGULATION/ADMINISTRATIVE
document,cmtqilta40083phijtj6vmhox,114學年度外籍教師聘僱契約書範本,2025 Academic Year Foreign Teacher Employment Contract Template,REGULATION/ADMINISTRATIVE
document,cmtqilt570081phijcp2ypv4m,114學年度外籍教師聘僱契約書範本,2025 Academic Year Foreign Teacher Employment Contract Template,REGULATION/ADMINISTRATIVE
document,cmtqilt08007zphij9u9ja2ot,114學年度外籍教師聘僱契約書範本,2025 Academic Year Foreign Teacher Employment Contract Template,REGULATION/ADMINISTRATIVE
document,cmtqilsva007xphijuwwnwkk5,114學年度外籍教師聘僱契約書範本,2025 Academic Year Foreign Teacher Employment Contract Template,REGULATION/ADMINISTRATIVE
document,cmtqilsq9007vphijg6rhtd92,114學年度外籍教師聘僱契約書範本,2025 Academic Year Foreign Teacher Employment Contract Template,REGULATION/ADMINISTRATIVE
document,cmtqilsla007tphijvthluit6,114學年度外籍教師聘僱契約書範本,2025 Academic Year Foreign Teacher Employment Contract Template,REGULATION/ADMINISTRATIVE
document,cmtqilsb5007pphij4o7l64vv,114學年度外籍教師聘僱契約書範本,2025 Academic Year Foreign Teacher Employment Contract Template,REGULATION/ADMINISTRATIVE
document,cmtqilbb1000vphijraj786z7,2_生活英語桌遊卡手冊-國小高年級,Life English Board Game Card Manual 2 — Elementary Upper Grades,REGULATION/ADMINISTRATIVE
document,cmtqilb5z000tphijbjo1zi6o,1_生活英語桌遊卡手冊-國小中年級,Life English Board Game Card Manual 1 — Elementary Middle Grades,REGULATION/ADMINISTRATIVE
document,cmtqilrwa007jphijjvaen13d,全英語教案比賽,All-English Lesson Plan Competition,REGULATION/ADMINISTRATIVE
document,cmtqils66007nphij696jnywk,全英語教案比賽,All-English Lesson Plan Competition,REGULATION/ADMINISTRATIVE
document,cmtqilrre007hphijiffz4yti,全英語教案比賽,All-English Lesson Plan Competition,REGULATION/ADMINISTRATIVE
document,cmtqils1a007lphijtb5v0dh8,全英語教案比賽,All-English Lesson Plan Competition,REGULATION/ADMINISTRATIVE
document,cmtqiag2l0003o16ydyib0bvl,基隆市113學年度下學期外籍教師教學訪視計畫0428,Keelung City 2024 Academic Year Semester 2 Foreign Teacher Instructional Visit Plan (2025/04/28),REGULATION/ADMINISTRATIVE
document,cmtqilnjp005rphijf3885yy7,113學年第二學期ELTA入校訪視期程表_基隆市0318修正,2024 Academic Year Semester 2 ELTA School Visit Schedule — Keelung City (Revised 2025/03/18),REGULATION/ADMINISTRATIVE
document,cmtqilbl1000zphijrz822xth,1132DavidWeek2_9,2024 Semester 2 David — Weeks 2-9,REGULATION/ADMINISTRATIVE
document,cmtqilbpy0011phij0kbgcalc,1132JustinWeek2_8,2024 Semester 2 Justin — Weeks 2-8,REGULATION/ADMINISTRATIVE
document,cmtqilbup0013phijajpg6iw3,1132RykWeek2_9,2024 Semester 2 Ryk — Weeks 2-9,REGULATION/ADMINISTRATIVE
document,cmtqilfqg002nphijywc5ot4l,113學年度國小英語村課表0211更新,2024 Academic Year Elementary English Village Schedule (Updated 2025/02/11),REGULATION/ADMINISTRATIVE
document,cmtqilbze0015phij70stqive,SEM2-TEACHINGPLAN-JHSENGLISHROAMINGTEACHERSY2024-2025,"Semester 2 Teaching Plan — JHS English Roaming Teacher, SY 2024-2025",REGULATION/ADMINISTRATIVE
document,cmtqiljl80047phijh6ulva40,TheSecretofHappiness358words,The Secret of Happiness (358 Words) — Reading Material,REGULATION/ADMINISTRATIVE
document,cmtqiljq90049phijsq5mzoj0,ThinkBeforeYouSpeak370words,Think Before You Speak (370 Words) — Reading Material,REGULATION/ADMINISTRATIVE
document,cmtqiljg80045phij5dpz5uvq,Magicmirror374words,Magic Mirror (374 Words) — Reading Material,REGULATION/ADMINISTRATIVE
document,cmtqilj630041phijob97rfow,2025一獅盃國中小英語比賽報名表,2025 Lions Cup Elementary and Junior High English Competition Registration Form,REGULATION/ADMINISTRATIVE
document,cmtqiljb50043phija5ef2g7p,2025一獅盃國中小英語比賽辦法發文版,2025 Lions Cup Elementary and Junior High English Competition Rules (Official Version),REGULATION/ADMINISTRATIVE
document,cmtqildll001tphijg6cep7cv,113學年度上Justin外師巡迴G7課表公布用參考,2024 Academic Year Semester 1 Justin — Grade 7 Roaming Schedule (Reference),REGULATION/ADMINISTRATIVE
document,cmtqildqo001vphijvh8pwees,113學年度上Ryk外師巡迴G6課表公布用參考,2024 Academic Year Semester 1 Ryk — Grade 6 Roaming Schedule (Reference),REGULATION/ADMINISTRATIVE
document,cmtqilr2r0077phijm0cd5uab,03NaturesSecrets,03 Nature's Secrets — Reading Material,REGULATION/ADMINISTRATIVE
document,cmtqilqy10075phiji7h35s64,02ABraveNewDay,02 A Brave New Day — Reading Material,REGULATION/ADMINISTRATIVE
document,cmtqilqte0073phijwhm98r9n,01BeautyWithaThorn,01 Beauty With a Thorn — Reading Material,REGULATION/ADMINISTRATIVE
document,cmtqilrcg007bphijf5q5asjj,113學年度國中英語學藝競賽計畫-看圖寫作,2024 Academic Year Junior High English Contest Plan — Picture Writing,REGULATION/ADMINISTRATIVE
document,cmtqilr7l0079phijd22po69c,113學年度國中英語學藝競賽計畫-即席演講,2024 Academic Year Junior High English Contest Plan — Impromptu Speech,REGULATION/ADMINISTRATIVE
document,cmtqilrhi007dphijkm4ln5rg,113學年度說圖比賽公告,2024 Academic Year Picture Description Competition Announcement,REGULATION/ADMINISTRATIVE
document,cmtqilrmh007fphijnog3zat6,國小組英語競賽計畫,Elementary Division English Competition Plan,REGULATION/ADMINISTRATIVE
document,cmtqillgd004xphijm9i5m67z,基隆市英語教育資源中心工作一覽圖113.07.26,Keelung City EERC Work Overview Chart (2024/07/26),REGULATION/ADMINISTRATIVE
document,cmtqilfvn002pphijx6ba7r20,113東信英語村課程課前須知,2024 Dongxin English Village Course — Pre-Class Guidelines,REGULATION/ADMINISTRATIVE
document,cmtqilfbf002hphijftblmn1u,113-1中山-英語村對外開放實施計畫for英語資源中心0902修正,2024 Semester 1 Zhongshan English Village — Public Access Implementation Plan for EERC (Revised 2024/09/02),REGULATION/ADMINISTRATIVE
document,cmtqilflh002lphijscmqq63p,113學年度國中英語村課表,2024 Academic Year Junior High English Village Schedule,REGULATION/ADMINISTRATIVE
document,cmtqilgah002vphijci7kz52p,長興113英語村預習單,Changxing Elementary 2024 English Village Pre-Class Worksheet,REGULATION/ADMINISTRATIVE
document,cmtqilg5m002tphijddrxc0rx,長興113EnglishVillagetimetable,Changxing Elementary 2024 English Village Timetable,REGULATION/ADMINISTRATIVE
document,cmtqilfgf002jphijnrwcz7ea,1130731-東信國小-英語村護照-內頁黑白雙面,"2024/07/31 Dongxin Elementary English Village Passport — Interior Pages (Black & White, Double-Sided)",REGULATION/ADMINISTRATIVE
document,cmtqild1m001lphij0xsqgp7d,基隆市113學年度英語教學資源中心運作計畫1130713版公告版,Keelung City 2024 Academic Year EERC Operating Plan (2024/07/13 Official Version),REGULATION/ADMINISTRATIVE
document,cmtqilll9004zphijgot001w3,12東光國小-許淑華-國中小英語文核心素養導向全英語優良教案徵選,No.12 Dongguang Elementary — Hsu Shu-Hua — Award for Excellence in All-English Lesson Plans (Literacy-Based),REGULATION/ADMINISTRATIVE
document,cmtqilq0g006rphijk09bximm,信義國小Summercamp2024plan,Xinyi Elementary — Summer Camp 2024 Plan,REGULATION/ADMINISTRATIVE
document,cmtqilqf3006xphijset1cgmg,附件二113年度夏令營計畫_暖暖國小_0527,Attachment 2: 2024 Summer Camp Plan — Nuannuan Elementary (2024/05/27),REGULATION/ADMINISTRATIVE
document,cmtqiloi60065phijp5c1zpp6,113年度英語暑期夏令營計畫-南榮國中0527修正,2024 English Summer Camp Plan — Nanrong Junior High (Revised 2024/05/27),REGULATION/ADMINISTRATIVE
document,cmtqilpvl006pphij4eobjbg2,2024英語夏令營計畫-銘傳國中,2024 English Summer Camp Plan — Mingchuan Junior High,REGULATION/ADMINISTRATIVE
document,cmtqilpc1006hphij4ritbf95,113年度英語暑期夏令營計畫_深澳國小_0422,2024 English Summer Camp Plan — Shen'ao Elementary (2024/04/22),REGULATION/ADMINISTRATIVE
document,cmtqilny9005xphijlvx5wb4q,112年度英語暑期夏令營計畫_建德國中,2023 English Summer Camp Plan — Jiande Junior High,REGULATION/ADMINISTRATIVE
document,cmtqilo850061phijjq628nk6,113年度夏令營計畫-建德國小,2024 Summer Camp Plan — Jiande Elementary,REGULATION/ADMINISTRATIVE
document,cmtqilpgx006jphij5fpch8fq,113年度英語暑期夏令營計畫_長興國小,2024 English Summer Camp Plan — Changxing Elementary,REGULATION/ADMINISTRATIVE
document,cmtqilp72006fphij006raegs,113年度英語暑期夏令營計畫_東信國小.docx.docx,2024 English Summer Camp Plan — Dongxin Elementary,REGULATION/ADMINISTRATIVE
document,cmtqilp26006dphijbs380v83,113年度英語暑期夏令營計畫_尚仁國小0415,2024 English Summer Camp Plan — Shangren Elementary (2024/04/15),REGULATION/ADMINISTRATIVE
document,cmtqilon80067phijueywm8x1,113年度英語暑期夏令營計畫-百福國中,2024 English Summer Camp Plan — Baifu Junior High,REGULATION/ADMINISTRATIVE
document,cmtqilntf005vphij7mm1ym2d,112年度英語夏令營計畫-成功國中,2023 English Summer Camp Plan — Chenggong Junior High,REGULATION/ADMINISTRATIVE
document,cmtqilqop0071phijqkearncs,附件二113年度英語暑期夏令營計畫_成功國小new,Attachment 2: 2024 English Summer Camp Plan — Chenggong Elementary (New),REGULATION/ADMINISTRATIVE
document,cmtqilox6006bphij7rqz5i8c,113年度英語暑期夏令營計畫_安樂國小,2024 English Summer Camp Plan — Anle Elementary,REGULATION/ADMINISTRATIVE
document,cmtqilqaa006vphijwjame5p3,正濱中113年度英語暑期夏令營計畫,2024 English Summer Camp Plan — Zhengbin Junior High,REGULATION/ADMINISTRATIVE
document,cmtqilq5i006tphij2liorccg,基隆市正濱國民小學112學年度英語暑期夏令營實施計畫,Keelung City Zhengbin Elementary — 2023 Academic Year English Summer Camp Implementation Plan,REGULATION/ADMINISTRATIVE
document,cmtqilplt006lphijyytw01b8,113英語暑期夏令營計畫-中興,2024 English Summer Camp Plan — Zhongxing Elementary,REGULATION/ADMINISTRATIVE
document,cmtqilos90069phijnf9z7wvy,113年度英語暑期夏令營計畫_中華國小,2024 English Summer Camp Plan — Zhonghua Elementary,REGULATION/ADMINISTRATIVE
document,cmtqilod50063phijuosk3jm5,113年度夏令營計畫中正國中,2024 Summer Camp Plan — Zhongzheng Junior High,REGULATION/ADMINISTRATIVE
document,cmtqilpqv006nphijii6oybwv,2024英語夏令營計畫-中山高中,2024 English Summer Camp Plan — Zhongshan Senior High,REGULATION/ADMINISTRATIVE
document,cmtqilo38005zphijttahp4l3,1130416-掃描英語夏令營,2024/04/16 English Summer Camp (Scanned Document),REGULATION/ADMINISTRATIVE
document,cmtqilqju006zphijclsu4v43,附件二113年度英語暑期夏令營計畫_七堵國小new,Attachment 2: 2024 English Summer Camp Plan — Qidu Elementary (New),REGULATION/ADMINISTRATIVE
document,cmtqilgp40031phijsfjme5kc,課室英語桌遊卡遊戲手冊20240318版1,Classroom English Board Game Card Manual (2024/03/18 Version 1),REGULATION/ADMINISTRATIVE
document,cmtqilkrl004nphijwwj0pama,112外師David巡迴G5教案,2023 Foreign Teacher David — Grade 5 Roaming Lesson Plan,REGULATION/ADMINISTRATIVE
document,cmtqilkmj004lphijw3bpcrtt,112下國小英語村課表0216修改,2023 Academic Year Semester 2 Elementary English Village Schedule (Revised 2024/02/16),REGULATION/ADMINISTRATIVE
document,cmtqilf6h002fphij91sjb9om,112東信英語村課程課前須知,2023 Dongxin English Village Course — Pre-Class Guidelines,REGULATION/ADMINISTRATIVE
document,cmtqilkhj004jphijbxc2vtsu,11,Document No. 11 (title pending manual review),REGULATION/ADMINISTRATIVE
document,cmtqilnok005tphijndzqo0nw,ELTA工作內容及行政管理,ELTA Job Duties and Administrative Management,REGULATION/ADMINISTRATIVE
document,cmtqilg0l002rphijj7obil15,長興112英語村預習單,Changxing Elementary 2023 English Village Pre-Class Worksheet,REGULATION/ADMINISTRATIVE
document,cmtqilkwn004pphij9b7a5w1s,112外師Ryk巡迴G6教案,2023 Foreign Teacher Ryk — Grade 6 Roaming Lesson Plan,REGULATION/ADMINISTRATIVE
document,cmtqileag0023phijuqsldxt7,112-1中山-英語村營運計畫,2023 Semester 1 Zhongshan English Village — Operation Plan,REGULATION/ADMINISTRATIVE
document,cmtqilf1o002dphijxpn3z91x,112學年度國小英語村課表0828修改,2023 Academic Year Elementary English Village Schedule (Revised 2023/08/28),REGULATION/ADMINISTRATIVE
document,cmtqilewn002bphijpf5241hv,1120825-東信國小-英語村護照-內頁黑白雙面_230825_161312,"2023/08/25 Dongxin Elementary English Village Passport — Interior Pages (Black & White, Double-Sided)",REGULATION/ADMINISTRATIVE
document,cmtqill1l004rphijf1f17q7z,112學年度TEACHINGPLANAY2023-2024JHSENGLISHROAMINGTEACHER1120825,2023 Academic Year Teaching Plan (AY2023-2024) — JHS English Roaming Teacher (2023/08/25),REGULATION/ADMINISTRATIVE
document,cmtqilhxj003jphijyxxph6lp,國小生活用語參考手冊,Elementary Everyday Classroom English Reference Manual,REGULATION/ADMINISTRATIVE
document,cmtqilhsn003hphijqmzvdlwt,國小常用課堂用語2.0,Elementary Common Classroom Expressions Manual 2.0,REGULATION/ADMINISTRATIVE
document,cmtqilmpd005fphijs33gmow7,中No.10-1中山高中許瑜芳英語領域採全英語教學教案徵選計畫附件2,"JHS No.10-1 Zhongshan Senior High — Hsu Yu-Fang — All-English Lesson Plan Award, Attachment 2",REGULATION/ADMINISTRATIVE
document,cmtqilmfb005bphijs74o8ikj,中No.10-1中山高中許瑜芳B4U1gameforgrammarfocus,JHS No.10-1 Zhongshan Senior High — Hsu Yu-Fang — Book 4 Unit 1: Game for Grammar Focus,REGULATION/ADMINISTRATIVE
document,cmtqilner005pphijp0qpgcqa,中No.7安樂國中學習單二：Allaboutme,JHS No.7 Anle Junior High — Worksheet 2: All About Me,REGULATION/ADMINISTRATIVE
document,cmtqiln9p005nphijoogd0t50,中No.7安樂國中學習單一GrowthRecordforafrog,JHS No.7 Anle Junior High — Worksheet 1: Growth Record for a Frog,REGULATION/ADMINISTRATIVE
document,cmtqilmuj005hphijkrucjsl2,中No.13八斗高中-陳瑋玲-國中小英語文核心素養導向全英語優良教案徵選,JHS No.13 Badou Senior High — Chen Wei-Ling — Award for Excellence in All-English Lesson Plans (Literacy-Based),REGULATION/ADMINISTRATIVE
document,cmtqilmzo005jphij8u1nqcg6,中No.3南榮國中基隆市南榮國中吳孟槿國民中小學英語文核心素養導向全英語優良教案甄選）,JHS No.3 Nanrong Junior High — Wu Meng-Chin — Award for Excellence in All-English Lesson Plans (Literacy-Based),REGULATION/ADMINISTRATIVE
document,cmtqilma80059phijzotsot8x,No.10-2中基隆中山高中-廖逸君-國中小英語文核心素養導向全英語優良教案徵選,JHS No.10-2 Keelung Zhongshan Senior High — Liao Yi-Chun — Award for Excellence in All-English Lesson Plans (Literacy-Based),REGULATION/ADMINISTRATIVE
document,cmtqilmke005dphija1fvc2op,中No.10-1中山高中許瑜芳Book4Unit1TheSteakLooksYummybyHsuyufang,JHS No.10-1 Zhongshan Senior High — Hsu Yu-Fang — Book 4 Unit 1: The Steak Looks Yummy,REGULATION/ADMINISTRATIVE
document,cmtqiln4n005lphijlxfs7pi5,中No.7安樂國中111學年全英語教學教案final,JHS No.7 Anle Junior High — 2022 Academic Year All-English Lesson Plan (Final),REGULATION/ADMINISTRATIVE
document,cmtqilm590057phij1hecx8xq,35暖暖國小-謝欣樺-國中小英語文核心素養導向全英語優良教案徵選,No.35 Nuannuan Elementary — Hsieh Hsin-Hua — Award for Excellence in All-English Lesson Plans (Literacy-Based),REGULATION/ADMINISTRATIVE
document,cmtqillq90051phijs0cxhavn,13深澳國小-李聿芸-國民中小學英語領域採全英語教學教案徵選,No.13 Shen'ao Elementary — Li Yu-Yun — Award for Excellence in All-English Teaching Lesson Plans,REGULATION/ADMINISTRATIVE
document,cmtqillv80053phij7c8m6me3,19建德國小余宛亭國小英語文核心素養導向全英語優良教案徵選,No.19 Jiande Elementary — Yu Wan-Ting — Award for Excellence in All-English Lesson Plans (Literacy-Based),REGULATION/ADMINISTRATIVE
document,cmtqilm090055phijpzz7dosd,33尚仁國小-唐秀穎SnehaBaliga-國中小英語文核心素養導向全英語優良教案徵選,No.33 Shangren Elementary — Tang Hsiu-Ying (Sneha Baliga) — Award for Excellence in All-English Lesson Plans (Literacy-Based),REGULATION/ADMINISTRATIVE
document,cmtqilk7r004fphijn09g8erf,08中山高,No.08 Zhongshan Senior High (title pending manual review),REGULATION/ADMINISTRATIVE
document,cmtqilkcp004hphij9c4nl66s,1.國中小英語文核心素養導向全英語優良教案徵選-張陳平-張陳平,No.1 — Chang Chen-Ping — Award for Excellence in All-English Lesson Plans (Literacy-Based),REGULATION/ADMINISTRATIVE
document,cmtqillbh004vphijvj9lce5u,teachingplan2,Teaching Plan 2,REGULATION/ADMINISTRATIVE
document,cmtqill6k004tphijctk6ukd1,15堵南,No.15 Dunan Elementary (title pending manual review),REGULATION/ADMINISTRATIVE
document,cmtqiljva004bphijmlmkj8e2,03七堵,No.03 Qidu Elementary (title pending manual review),REGULATION/ADMINISTRATIVE
document,cmtqilk2s004dphijgu0lmzjp,04中和,No.04 Zhonghe Elementary (title pending manual review),REGULATION/ADMINISTRATIVE
document,cmtqilhit003dphijepzhexsl,GraduationcertificateEnglishVersion.docx,Graduation Certificate — English Version,REGULATION/ADMINISTRATIVE
document,cmtqilhdq003bphijop10yoj4,GraduationcertificateBilingualVersion,Graduation Certificate — Bilingual Version,REGULATION/ADMINISTRATIVE
document,cmtqilh8v0039phijbz6acpeu,長興鹿蘋worksheet,Changxing Elementary — Luping Worksheet,REGULATION/ADMINISTRATIVE
document,cmtqilh3z0037phijlztt18r3,長興國小雙語生活教案412,Changxing Elementary — Bilingual Life Curriculum Lesson Plan 412,REGULATION/ADMINISTRATIVE
document,cmtqilek60027phij4u6vf405,111下國小英語村遊學時間表0215修正,2022 Academic Year Semester 2 Elementary English Village Study Tour Timetable (Revised 2023/02/15),REGULATION/ADMINISTRATIVE
document,cmtqile5o0021phij666ut5kd,111下國中英語村課表0310修正,2022 Academic Year Semester 2 Junior High English Village Schedule (Revised 2023/03/10),REGULATION/ADMINISTRATIVE
document,cmtqilim9003tphijqtn0965i,雙語生活課程素養導向教學與評量,Bilingual Life Curriculum — Literacy-Based Teaching and Assessment,REGULATION/ADMINISTRATIVE
document,cmtqiliw6003xphijwis3jryw,體育傳球練習,Physical Education — Passing Practice (Classroom English),REGULATION/ADMINISTRATIVE
document,cmtqilj13003zphij8zq45a7s,體育課班級經營用語及學生用語,Physical Education — Classroom Management and Student Expressions,REGULATION/ADMINISTRATIVE
document,cmtqilir6003vphijlv6pn207,體育做操英語用語範例,Physical Education — Exercise Routine English Expressions,REGULATION/ADMINISTRATIVE
document,cmtqilicn003pphijyo61cnt2,聲音單元英語單字句型設計,"""Sound"" Unit — English Vocabulary and Sentence Pattern Design",REGULATION/ADMINISTRATIVE
document,cmtqili7l003nphijtlwwziqm,水單元英語單字句型設計,"""Water"" Unit — English Vocabulary and Sentence Pattern Design",REGULATION/ADMINISTRATIVE
document,cmtqilihf003rphij8r9e8o3f,認識學校環境單元英語單字句型設計,"""Knowing Our School"" Unit — English Vocabulary and Sentence Pattern Design",REGULATION/ADMINISTRATIVE
document,cmtqilhnn003fphij0nfnhary,一般的生活課室用語,General Everyday Classroom Expressions,REGULATION/ADMINISTRATIVE
document,cmtqilgz20035phij1w1jrv99,中興國小-江怡琦雙語教案風2,Zhongxing Elementary — Chiang Yi-Chi — Bilingual Lesson Plan Style 2,REGULATION/ADMINISTRATIVE
document,cmtqili2i003lphijfhfgpm89,基隆市111學年度雙語學校分級甄選計畫,Keelung City 2022 Academic Year Bilingual School Tiered Selection Plan,REGULATION/ADMINISTRATIVE
document,cmtqilgu60033phij69w6ywwa,G2_生活_單元二光影好好玩雙語教案,"Grade 2 Life Curriculum — Unit 2 ""Fun with Light and Shadow"" Bilingual Lesson Plan",REGULATION/ADMINISTRATIVE
document,cmtqilgk5002zphij9kj5vu9o,國中小英語課採全英語授課參考手冊正式發文版1221,"Elementary and Junior High All-English Instruction Reference Manual (Official Version, 12/21)",REGULATION/ADMINISTRATIVE
document,cmtqilgfa002xphij55zoxj24,1111210國中小英語課採全英語授課參考手冊正式發文B版,2022/12/10 Elementary and Junior High All-English Instruction Reference Manual (Official Version B),REGULATION/ADMINISTRATIVE
document,cmtqile0q001zphijoazbxsx3,111上國中英語村遊學時間表0913修正,2022 Academic Year Semester 1 Junior High English Village Study Tour Timetable (Revised 2022/09/13),REGULATION/ADMINISTRATIVE
document,cmtqilef70025phiji3yzw0ey,111-1東信英語村線上課程課前須知,2022 Semester 1 Dongxin English Village Online Course — Pre-Class Guidelines,REGULATION/ADMINISTRATIVE
document,cmtqilepg0029phijj42myinp,111學年英語村遊學網路版流程中英對照,2022 Academic Year English Village Study Tour — Online Version Process (Bilingual),REGULATION/ADMINISTRATIVE
document,cmtqildvn001xphijriinisme,EVpassportsacn中山英語村學習護照掃描檔,Zhongshan English Village Learning Passport (Scanned Copy),REGULATION/ADMINISTRATIVE
document,cmtqildgk001rphijdy87eq52,111-1長興英語村線上課程課前須知,2022 Semester 1 Changxing English Village Online Course — Pre-Class Guidelines,REGULATION/ADMINISTRATIVE
document,cmtqildbh001pphijyq9yjgph,111上英語村課表修-1,2022 Academic Year Semester 1 English Village Schedule (Revised 1),REGULATION/ADMINISTRATIVE
document,cmtqild6l001nphijolt80xmu,正濱基隆市110學年度口說英語展能樂學計畫,"Zhengbin Elementary, Keelung City — 2021 Academic Year Spoken English Talent Development Plan",REGULATION/ADMINISTRATIVE
document,cmtqilcwm001jphij8fh0le8g,基隆市111學年度英語教學資源中心運作計畫1110624,Keelung City 2022 Academic Year EERC Operating Plan (2022/06/24),REGULATION/ADMINISTRATIVE
document,cmtqilcrv001hphij44xuan67,20220705研習分享,2022/07/05 Workshop Sharing Session,REGULATION/ADMINISTRATIVE
document,cmtqilcn6001fphijmwjjv4we,CoolEnglish線上平台講義0704,Cool English Online Platform Handout (07/04),REGULATION/ADMINISTRATIVE
document,cmtqilcif001dphijdhu7wti6,1100704研習標準本位口語表達簡報,2021/07/04 Standards-Based Oral Expression Workshop Presentation,REGULATION/ADMINISTRATIVE
document,cmtqilcdp001bphijoscqemux,口語評量簡報1100704-2,"Oral Assessment Presentation (2021/07/04, Part 2)",REGULATION/ADMINISTRATIVE
document,cmtqilc8v0019phijrritm2go,說圖教學策略,Picture Description Teaching Strategies,REGULATION/ADMINISTRATIVE
document,cmtqilc430017phijlrukffn0,英語領鋼英譯版,English Curriculum Guidelines — English Translation,REGULATION/ADMINISTRATIVE
document,cmtqilbfx000xphijnx958n3s,國民中小學建置校園雙語環境實用手冊1.0,Practical Guide to Building a Bilingual Campus Environment (Elementary & Junior High) 1.0,REGULATION/ADMINISTRATIVE
document,cmtqilb16000rphijcpc5392j,酷英-普高及技高版-1017version,Cool English — Senior High & Vocational High Version (10/17),REGULATION/ADMINISTRATIVE
document,cmtqilaw9000pphijwleunxmn,03-語言技巧教學之課室用語,03 — Classroom English for Language Skills Instruction,REGULATION/ADMINISTRATIVE
document,cmtqilar8000nphijrkk8xy8n,01-酷英國中小使用手冊V1101008,"01 — Cool English User Manual for Elementary & Junior High, V1 (2021/10/08)",REGULATION/ADMINISTRATIVE
document,cmtqilah6000lphijten6oz25,110學年上學期英語護照樣本,2021 Academic Year Semester 1 English Passport Sample,REGULATION/ADMINISTRATIVE
document,cmtqiag7a0005o16yplqxbqoj,英語村護照封面,English Village Passport Cover,REGULATION/ADMINISTRATIVE
document,cmtqilac6000jphijh1xfyke1,ClassroomEnglishandallEnglishclassdesign,Classroom English and All-English Class Design,REGULATION/ADMINISTRATIVE
document,cmtqila7a000hphij3unpav4a,筆記,Notes,REGULATION/ADMINISTRATIVE
document,cmtqila2j000fphijswx6e9ry,210709雙語教學經驗分享--于婷素存02,2021/07/09 Bilingual Teaching Experience Sharing — Yu Ting (Archive 02),REGULATION/ADMINISTRATIVE
document,cmtqil9xm000dphijh7vrk77m,20210706基隆線上雙語跨綜合活動教案設計分享上課用版,2021/07/06 Keelung Online Bilingual Cross-Curricular Activity Lesson Design Sharing (Classroom Version),REGULATION/ADMINISTRATIVE
document,cmtqil9ss000bphij9r1z1gi1,0708口說寫作Jamboard基隆標準本位評量,07/08 Speaking and Writing Jamboard — Keelung Standards-Based Assessment,REGULATION/ADMINISTRATIVE
document,cmtqil9mx0009phij99i7x2gs,02妙英基隆評量工作坊學員講綱1100708,02 Cool English Keelung Assessment Workshop — Participant Handout (2021/07/08),REGULATION/ADMINISTRATIVE
document,cmtqil9h30007phijhhz3a2r3,202100707_基隆評量工作坊,2021/07/07 Keelung Assessment Workshop,REGULATION/ADMINISTRATIVE
document,cmtqil9c30005phijyqqv2u83,標準本位評量國小組--英語聽力分析與應用-20210705,"Standards-Based Assessment, Elementary Division — English Listening Analysis and Application (2021/07/05)",REGULATION/ADMINISTRATIVE
document,cmtqil9720003phij542qmk3v,2019台北市英語聽說評量手冊,2019 Taipei City English Listening and Speaking Assessment Manual,REGULATION/ADMINISTRATIVE
document,cmtqil8zb0001phijtrbvki9s,1100702英語領域全英語授課設計與執行 研習投影片,2021/07/02 All-English Instruction Design and Implementation — Workshop Slides,OTHER/ADMINISTRATIVE
document,cmtqiafvk0001o16yyylu5blq,英語素養導向跨領域校本課程設計初探研習筆記,Introduction to Literacy-Based Cross-Disciplinary School-Based Curriculum Design — Workshop Notes,OTHER/ADMINISTRATIVE
document,cmtqiagby0007o16yqq830m9d,基隆市108學年度英語教學資源中心協辦基隆市設置雙語學校輔導參訪計畫,Keelung City 2019 Academic Year EERC Co-Organized Visit Program for Establishing Bilingual Schools,REGULATION/ADMINISTRATIVE
album,cmtrx3nn000ouwsrht58m92el,1150904_ELTA英語教學助理增能工作坊,2026/09/04 ELTA Teaching Assistant Capacity-Building Workshop,WORKSHOP
album,cmtrx3n8u00ohwsrhbztn48h3,1150824【外師與本國籍教師協同共識工作坊】,2026/08/24 Foreign-Local Teacher Co-Teaching Consensus Workshop,WORKSHOP
album,cmtrx3mun00nswsrhw0r03iut,114學年度英語夏令營照片,2025 Academic Year English Summer Camp Photos,ACTIVITY
album,cmtrx3lo600mnwsrh2twt6doe,1141114中師協同教學pair+,2025/11/14 Local Teacher Co-Teaching (Pair+),WORKSHOP
album,cmtrx3la000m2wsrhe30z5r3t,1141126 FET teachers workshopII,2025/11/26 FET Teachers Workshop II,WORKSHOP
album,cmtrx3kvu00lqwsrh3nxzgopp,1141008 FET teachers workshop,2025/10/08 FET Teachers Workshop,WORKSHOP
album,cmtrx3k1400lfwsrhj5ir0td5,1140827ELTA行政聯繫會議,2025/08/27 ELTA Administrative Liaison Meeting,MEETING
album,cmtrx3khk00lkwsrha9vvngws,114-1期初英語成效推動會議,2025 Semester 1 English Program Kick-off Effectiveness Meeting,MEETING
album,cmtrx3mgg00nmwsrhygqfrir8,114仁愛國小外師訪視,2025 Ren'ai Elementary School Foreign Teacher Visit,VISIT
album,cmtrx3m2b00nawsrh67dn4mhf,114明德國中外師訪視,2025 Mingde Junior High School Foreign Teacher Visit,VISIT
album,cmtrx3jmz00l5wsrh031vrth5,113期初說明會,2024 Semester Kick-off Briefing,MEETING
album,cmtrx3j8w00l1wsrhu24s23lv,1100826雙語學校課室用語研習照片,2021/08/26 Bilingual School Classroom English Workshop Photos,WORKSHOP
album,cmtrx3ghs00jwwsrheuz3hyf6,1100702英語領域全英語授課設計與執行,2021/07/02 All-English Instruction Design and Implementation Workshop,OTHER
album,cmtrx3ius00kvwsrh6sbw5o1c,1100709台南市楠梓實驗小學,2021/07/09 Tainan Nanzih Experimental Elementary School Visit,WORKSHOP
album,cmtrx3igo00kpwsrhug148omv,1100709沉浸式課程與教學 --英語融入低年級生活課程教學活動設計,2021/07/09 Immersive Curriculum: English Integrated into Lower-Grade Life Curriculum Design,WORKSHOP
album,cmtrx3i2j00kjwsrh7k7my4ns,1100706沉浸式課程與教學 --英語融入綜合活動教學設計,2021/07/06 Immersive Curriculum: English Integrated into Integrative Activities Design,WORKSHOP
album,cmtrx3hoa00kbwsrhdg0158hr,1100708標準本位評量 口說與寫作評量設計與實作,2021/07/08 Standards-Based Assessment: Speaking and Writing Assessment Design and Practice,WORKSHOP
album,cmtrx3ha700k6wsrhrax8i0tq,1100707標準本位評量 閱讀評量設計與實作,2021/07/07 Standards-Based Assessment: Reading Assessment Design and Practice,WORKSHOP
album,cmtrx3gw000k1wsrh2ezgr0q4,1100705標準本位評量 聽力評量設計與實作,2021/07/05 Standards-Based Assessment: Listening Assessment Design and Practice,OTHER
album,cmtrx3g3o00jpwsrhix8voize,1100701英語素養導向跨領域校本課程設計初探,2021/07/01 Introduction to Literacy-Oriented Cross-Disciplinary School-Based Curriculum Design,WORKSHOP
album,cmtrx3fep00j2wsrhkmaxay8x,109學年度基隆市提升國民中小學英語教學成效計畫期中檢討會,2020 Academic Year Keelung English Teaching Effectiveness Program — Mid-Term Review Meeting,MEETING
album,cmtrx3f0i00ifwsrhh36xd1t3,109學年度基隆市提升國民中小學英語教學成效計畫期初說明會,2020 Academic Year Keelung English Teaching Effectiveness Program — Kick-off Briefing,MEETING
album,cmtrx3emc00i2wsrhxq6efzof,108學年度雙語課程設計模式初階研習,2019 Academic Year Bilingual Curriculum Design — Introductory Workshop,WORKSHOP
album,cmtrx3e8600hlwsrhwcmacsm6,109學年度雙語記者會,2020 Academic Year Bilingual Education Press Conference,OTHER
album,cmtrx3dtu00gywsrhlrf2qbev,基隆市 108 學年度英語教學資源中心協辦 基隆市設置雙語學校輔導參訪計畫,2019 Academic Year Keelung EERC Co-Organized Visit Program for Establishing Bilingual Schools,WORKSHOP
album,cmtrx3dfl00guwsrhxf5jifc8,漫畫封面,Comic Book Cover Illustration,OTHER
album,cmtrx3cn600ftwsrhipeo6o8j,1020903英語推動第4次工作小組會議照片,2013/09/03 English Program 4th Working Group Meeting Photos,OTHER
album,cmtrx3d1e00gkwsrh8xhrz7tl,1020607第3次推動工作小組會議,2013/06/07 3rd Program Working Group Meeting,MEETING
album,cmtrx3c9000fpwsrh12sa0jmm,102學年度英語巡迴班,2013 Academic Year English Roaming Class,OTHER
album,cmtrx3bgl00ewwsrh2vs5bvaf,1020410外籍教師第2次讀書會,2013/04/10 Foreign Teachers' 2nd Reading Circle,MEETING
album,cmtrx3buu00fgwsrhfhjlaxz7,1020515外籍教師第3次會議,2013/05/15 Foreign Teachers' 3rd Meeting,MEETING
album,cmtrx3b2e00ekwsrh5uk0b3zf,102年4月1日第2次推動工作會議,2013/04/01 2nd Program Working Meeting,MEETING
album,cmtrx3ao700ebwsrhrzddykst,1020306外籍教師第一次讀書會,2013/03/06 Foreign Teachers' 1st Reading Circle,MEETING
album,cmtrx3a9y00d5wsrhlyxlsp43,1020226提升成效計劃期初說明會,2013/02/26 Effectiveness Improvement Program Kick-off Briefing,MEETING
album,cmtrx39vt00cvwsrhiwnob1tw,102年0205第一次推動工作會議,2013/02/05 1st Program Working Meeting,MEETING
album,cmtrx393c00bowsrhytrym9el,101(0628)飆英記者會,"2012/06/28 ""English Challenge"" Press Conference",OTHER
album,cmtrx38p000aswsrh0jump14z,101(0608)東光外師訪視,2012/06/08 Dongguang Elementary Foreign Teacher Visit,OTHER
album,cmtrx388i00a7wsrh6apdo0o6,101年度(0615)第4次外師讀書會,2012/06/15 Foreign Teachers' 4th Reading Circle,MEETING
album,cmtrx39hm00cdwsrh4xy17b1y,101暑期東信飆英夏令營,"2012 Summer Dongxin ""English Challenge"" Camp",OTHER
album,cmtrx37ub009qwsrh848vnsk5,101(0621)期中檢討會照片,2012/06/21 Mid-Term Review Meeting Photos,MEETING
album,cmtrx369b008gwsrh6418n6wo,101(0425)推動小組第2次會議,2012/04/25 Program Working Group 2nd Meeting,MEETING
album,cmtrx37g20096wsrhb4l5tvfz,101年度(0502)第3次外師讀書會,2012/05/02 Foreign Teachers' 3rd Reading Circle,OTHER
album,cmtrx371v008xwsrhc8lp612h,101年度(0425)第2次外師讀書會,2012/04/25 Foreign Teachers' 2nd Reading Circle,OTHER
album,cmtrx36np008pwsrhk3wr53hs,101(0515)推動小組第3次會議,2012/05/15 Program Working Group 3rd Meeting,OTHER
album,cmtrx35v40086wsrhtk759q8i,101(0511)外籍教師訪視,2012/05/11 Foreign Teacher Visit,OTHER
album,cmtrx35gv007rwsrhyr40zhrh,101(0405)外籍教師訪視,2012/04/05 Foreign Teacher Visit,OTHER
album,cmtrx352l006zwsrhxx8q6ksb,101(0405)外籍教師訪視,2012/04/05 Foreign Teacher Visit,OTHER
album,cmtrx34o4006lwsrh9z8feeqv,101(0321)外籍教師讀書會1(海洋議題讀本設計),2012/03/21 Foreign Teachers' Reading Circle 1 (Ocean-Themed Reader Design),MEETING
album,cmtrx349v0069wsrh4vajv9kh,101(0222)推動小組第1次會議,2012/02/22 Program Working Group 1st Meeting,MEETING
album,cmtrx33vk005bwsrhikdyfk0z,1010214(101)期初說明會,2012/02/14 Semester Kick-off Briefing,MEETING
album,cmtrx33h9004wwsrhs3bwmnnh,1221第6次工作小組會議剪影,12/21 6th Working Group Meeting Snapshots,MEETING
album,cmtrx3332004jwsrhuenxgxld,1001121中山高中外師訪視,2011/11/21 Zhongshan Senior High School Foreign Teacher Visit,OTHER
album,cmtrx32os003ywsrhl71abjw4,第5次外師閱讀教學讀書會,5th Foreign Teachers' Reading Instruction Circle,MEETING
album,cmtrx32ai003awsrh8pbih2i1,0920第5次工作小組會議剪影,09/20 5th Working Group Meeting Snapshots,MEETING
album,cmtrx31w20033wsrh71wwdq18,0603長興國小外師訪視活動,06/03 Changxing Elementary School Foreign Teacher Visit,OTHER
album,cmtrx31hh002owsrhuj59du37,0520東光國小外師教學觀摩剪影,05/20 Dongguang Elementary Foreign Teacher Demo Lesson Snapshots,OTHER
album,cmtrx312r002fwsrhov7uiviw,0412第3次推動會議照片,04/12 3rd Program Meeting Photos,MEETING
album,cmtrx30nz0029wsrhvhd6dvz7,0329國小英語輔導團會議,03/29 Elementary English Advisory Group Meeting,MEETING
album,cmtrx309b001xwsrhb7xixjkr,0315國中小英語輔導團聯合會議,03/15 Joint Elementary and Junior High English Advisory Group Meeting,MEETING
album,cmtrx2zg80019wsrh9hzu4js7,0314工作會議照片,03/14 Working Meeting Photos,MEETING
album,cmtrx2zug001hwsrhfdpf044s,0308國小輔導團實作評量討論會議,03/08 Elementary Advisory Group Performance Assessment Discussion Meeting,MEETING
album,cmtrx2z200015wsrh5v8m7vcz,東信國小外師發表Project base,Dongxin Elementary Foreign Teacher Project-Based Learning Presentation,WORKSHOP
album,cmtrx2y9e000gwsrhneas9xjv,外師教學策略發表會,Foreign Teacher Instructional Strategies Presentation,WORKSHOP
album,cmtrx2ynm000uwsrhl46ue9jn,東光國小Rky(Lego program),Dongguang Elementary — Ryk (Lego Program),WORKSHOP
album,cmtrx2xom0002wsrh3m0pnxs3,100年期初說明會剪影,2011 Semester Kick-off Briefing Snapshots,MEETING
video,cmts0zt850001i782luuxdnpb,20260904_ELTA增能工作坊,2026/09/04 ELTA Teaching Assistant Capacity-Building Workshop,
video,cmts0ztds0003i782esyck5ij,2026～2027academic year FET & ELT workshop (20260824),"2026-2027 Academic Year FET & ELT Workshop (August 24, 2026)",
video,cmts0ztgd0005i782jq3igkou,Consolidation,Consolidation,
video,cmts0ztiz0007i782dcgg6wvx,6-14 Vocabulary Vinelen L V B Apatan Wulun JHS Instructional Video,6-14 Vocabulary Vinelen L V B Apatan Wulun JHS Instructional Video,
video,cmts0ztlk0009i782lyazw9o6,6-9 PRESENTATION TIME,6-9 Presentation Time,
video,cmts0ztwh000bi782jvz4jji0,6-14Writing Practice,6-14 Writing Practice,
video,cmts0ztz3000di7825102c9en,6-11 Reading Skills,6-11 Reading Skills,
video,cmts0zu1o000fi782q8mstrn7,6-12 Teaching Speaking Skills,6-12 Teaching Speaking Skills,
video,cmts0zu4a000hi782cxvkz7t8,6-10 PRONUNCIATION,6-10 Pronunciation,
video,cmts0zu6v000ji782rbw1v815,6-8 Listening skills,6-8 Listening Skills,
video,cmts0zu9f000li7829kwzoe50,6-6Asking questions,6-6 Asking Questions,
video,cmts0zubz000ni782rw616q8r,6-7 Expressing Feelings,6-7 Expressing Feelings,
video,cmts0zuej000pi782jzv87qna,Physical Education,Physical Education,
video,cmts0zuh3000ri782wg4tpkm3,Discussion Time,Discussion Time,
video,cmts0zujo000ti782mdls180q,Error Correction,Error Correction,
video,cmts0zum9000vi782bh4r2nqv,Playing Games,Playing Games,
video,cmts0zuou000xi782gwdi8nah,Guiding Students During Activities,Guiding Students During Activities,
video,cmts0zurf000zi7820fjkat6f,Greeting and Introducing,Greeting and Introducing,
video,cmts0zuu00011i7825t8plpp0,Checking Homework,Checking Homework,
video,cmts0zuwk0013i7827szylrm4,Encouraging Students,Encouraging Students,
video,cmts0zuz50015i782jv6vceen,Total Physical Response,Total Physical Response,
video,cmts0zv1q0017i782c6qk72j7,Complimenting Students,Complimenting Students,
video,cmts0zv4b0019i7825yhwp20z,Comprehension Check,Comprehension Check,
video,cmts0zv6v001bi7828vtv5bfv,Groupings,Groupings,
video,cmts0zv9g001di7824zb8qic5,Lunch Time,Lunch Time,
video,cmts0zvc1001fi782fd15vf0r,Arranging Seats,Arranging Seats,
